signal,healthy_mean,degraded_mean,delta,pct_change,healthy_slope_per_day,fault_slope_per_day
ua_cond_est_kw_per_k,199.99194332323836,112.71635437703772,-87.27558894620064,-43.639552421939754,-0.08022063160102127,-24.75474067946499
condenser_approach_c,2.3149479625648737,5.352016388474108,3.037068425909234,131.19380975390388,0.0002678667965736771,0.8840721226056567
cond_sat_temp_c,33.914265323675984,37.26890330086727,3.354637977191288,9.891524835271523,0.0017426561206984811,0.8973943843475203
discharge_pressure_kpa,862.506930787037,948.673856784188,86.166925997151,9.990287952645636,-0.14865702282544146,22.602751835205655
cw_supply_temp_c,27.899608912037035,28.15280112179487,0.2531922097578345,0.9075116807411484,0.005048608863230691,-0.00204735204605809
cw_return_temp_c,31.59931736111111,31.916886912393164,0.31756955128205533,1.0049886447005474,0.0014747893241243981,0.013322261741863725
cw_range_c,3.6997084490740737,3.7640857905982905,0.06437734152421681,1.7400652621783896,-0.003573819539104912,0.015369613787923297
compressor_power_kw,130.19125601851852,144.4999044337607,14.308648415242175,10.990483426326957,-0.19341932886688454,3.2861875206387148
cop,5.193276967592593,4.661095512820513,-0.53218145477208,-10.24750765447388,-0.004639525522659919,-0.14560788968585525
suction_pressure_kpa,341.0697193287037,341.16728002136756,0.09756069266387613,0.02860432548978429,,
chw_supply_temp_c,7.000810532407407,6.9989677350427355,-0.0018427973646710782,-0.02632262873192464,,
cooling_load_kw,644.4880914351852,642.777514102564,-1.710577332621142,-0.26541643753446625,,
cw_flow_kg_s,50.00853530092593,50.019942628205136,0.011407327279208346,0.02281076062429114,,
outdoor_wet_bulb_c,23.899082407407406,24.15801469017094,0.25893228276353497,1.0834402691681593,,
