metric,source,case,ref_min,ref_max,case_min,case_max,gap,separable
discharge_pressure_delta_kpa,current sensors,ncg_dalton,71.0100589653706,96.04198457712891,71.33249146614298,91.26874547418367,-20.25868650881307,False
discharge_pressure_delta_kpa,current sensors,ncg_blanketed,71.0100589653706,96.04198457712891,71.29609194307204,92.91223490293271,-21.902175937562106,False
discharge_pressure_delta_kpa,current sensors,ncg_dalton_ua_matched,71.0100589653706,96.04198457712891,64.92164904831122,84.84905661194318,-13.83899764657258,False
discharge_pressure_delta_kpa,current sensors,ncg_blanketed_ua_matched,71.0100589653706,96.04198457712891,65.9338514890577,87.54110315458047,-16.531044189209865,False
compressor_power_pct,current sensors,ncg_dalton,8.546501198472722,17.195114559835755,8.125766506600819,16.223147372643776,-7.676646174171054,False
compressor_power_pct,current sensors,ncg_blanketed,8.546501198472722,17.195114559835755,8.322007127878852,16.5588697481485,-8.012368549675777,False
compressor_power_pct,current sensors,ncg_dalton_ua_matched,8.546501198472722,17.195114559835755,7.337002177098009,15.39231932838346,-6.845818129910738,False
compressor_power_pct,current sensors,ncg_blanketed_ua_matched,8.546501198472722,17.195114559835755,7.662942762660226,15.865091577090375,-7.318590378617653,False
cop_pct,current sensors,ncg_dalton,-10.741093638626749,-8.144198165704857,-11.265705701895051,-9.165973792036704,-1.5751198465900451,False
cop_pct,current sensors,ncg_blanketed,-10.741093638626749,-8.144198165704857,-11.142497414610258,-8.879459028727744,-1.8616346098990046,False
cop_pct,current sensors,ncg_dalton_ua_matched,-10.741093638626749,-8.144198165704857,-10.584444710027965,-8.450006884240736,-2.291086754386013,False
cop_pct,current sensors,ncg_blanketed_ua_matched,-10.741093638626749,-8.144198165704857,-10.569718207391102,-8.274975363049371,-2.4255200416862444,False
ua_cond_est_pct,current sensors,ncg_dalton,-44.065813530747604,-43.49446512657762,-46.543081073854445,-44.3449352458147,0.2791217150670988,True
ua_cond_est_pct,current sensors,ncg_blanketed,-44.065813530747604,-43.49446512657762,-46.12978460773808,-44.493692599721,0.42787906897339667,True
ua_cond_est_pct,current sensors,ncg_dalton_ua_matched,-44.065813530747604,-43.49446512657762,-44.6709576125095,-42.47193054180099,-1.176492485931874,False
ua_cond_est_pct,current sensors,ncg_blanketed_ua_matched,-44.065813530747604,-43.49446512657762,-44.519318864766355,-42.921979583730945,-1.0248537381887317,False
condenser_approach_delta_c,current sensors,ncg_dalton,2.985324984001862,3.302451105166541,3.1031371817888136,3.216932006038414,-0.19931392337772724,False
condenser_approach_delta_c,current sensors,ncg_blanketed,2.985324984001862,3.302451105166541,3.077689105248545,3.2513869842348764,-0.22476199991799595,False
condenser_approach_delta_c,current sensors,ncg_dalton_ua_matched,2.985324984001862,3.302451105166541,2.860916349540913,2.976722402310849,0.008602581691012912,True
condenser_approach_delta_c,current sensors,ncg_blanketed_ua_matched,2.985324984001862,3.302451105166541,2.875263248820139,3.0505957380922877,-0.0652707540904256,False
cw_range_delta_c,current sensors,ncg_dalton,-0.006549477582049601,0.2410759609043338,-0.008134441550229798,0.23499551893927384,-0.24154499652132344,False
cw_range_delta_c,current sensors,ncg_blanketed,-0.006549477582049601,0.2410759609043338,-0.0075964488957072085,0.23709573430408293,-0.24364521188613253,False
cw_range_delta_c,current sensors,ncg_dalton_ua_matched,-0.006549477582049601,0.2410759609043338,-0.013084678694712526,0.22979801662372656,-0.23634749420577617,False
cw_range_delta_c,current sensors,ncg_blanketed_ua_matched,-0.006549477582049601,0.2410759609043338,-0.011734780202468542,0.23275558994393197,-0.23930506752598157,False
approach_load_slope_change_k_per_100kw,current sensors,ncg_dalton,0.3484087790718704,0.37969963165505505,-0.14231412648216923,-0.10344641354427705,0.4518551926161475,True
approach_load_slope_change_k_per_100kw,current sensors,ncg_blanketed,0.3484087790718704,0.37969963165505505,0.027440649258041294,0.06155805256339031,0.2868507265084801,True
approach_load_slope_change_k_per_100kw,current sensors,ncg_dalton_ua_matched,0.3484087790718704,0.37969963165505505,-0.1328226039175861,-0.09535684398543773,0.44376562305730816,True
approach_load_slope_change_k_per_100kw,current sensors,ncg_blanketed_ua_matched,0.3484087790718704,0.37969963165505505,0.036022766904053316,0.06896393970265596,0.27944483936921444,True
apparent_subcooling_delta_c,added liquid-temperature sensor,ncg_dalton,-0.1582249668214586,0.18032048056346062,2.931672206373536,3.2553219779958105,2.7513517258100753,True
apparent_subcooling_delta_c,added liquid-temperature sensor,ncg_blanketed,-0.1582249668214586,0.18032048056346062,1.8572820075461238,2.1836076132020974,1.6769615269826632,True
apparent_subcooling_delta_c,added liquid-temperature sensor,ncg_dalton_ua_matched,-0.1582249668214586,0.18032048056346062,2.6937029033705793,3.018360524340197,2.5133824228071187,True
apparent_subcooling_delta_c,added liquid-temperature sensor,ncg_blanketed_ua_matched,-0.1582249668214586,0.18032048056346062,1.6593827518588125,1.986745613809159,1.4790622712953518,True
