case,seed,discharge_pressure_delta_kpa,compressor_power_pct,cop_pct,ua_cond_est_pct,condenser_approach_delta_c,cw_range_delta_c,approach_load_slope_change_k_per_100kw,apparent_subcooling_delta_c
condenser_fouling,0,89.5853146443485,13.101748451679859,-9.735686435104643,-43.614465979755316,3.123507749028771,0.1036293485844606,0.3711857471711582,0.06401941278867018
ncg_dalton,0,86.97926100945938,12.263074554845264,-10.682018155576394,-45.40440510728099,3.133887503274811,0.09837949571468574,-0.11697933172161815,3.1457337307082893
ncg_blanketed,0,87.82045490573898,12.541621602066522,-10.42213215598182,-45.25246717877049,3.1342854388891292,0.10012311861834533,0.0507716510657365,2.0731917328431146
ncg_dalton_ua_matched,0,80.56583592765696,11.45843341536138,-9.988427904030354,-43.52623406435499,2.893272688445112,0.09334267793461581,-0.10849137022422825,2.9082666470466556
ncg_blanketed_ua_matched,0,82.45548777411602,11.8695491978228,-9.83656751046698,-43.64935419694832,2.9330447884730373,0.09591614227935175,0.05849535321697252,1.8757643119920926
condenser_fouling,1,77.4576161919482,8.546501198472722,-8.517674300272384,-44.065813530747604,2.985324984001862,-0.006549477582049601,0.3484087790718704,-0.02865303258188412
ncg_dalton,1,78.56761252941885,8.291362122326936,-9.716188305956575,-46.543081073854445,3.1183585328385557,-0.008134441550229798,-0.14231412648216923,3.0793400589534694
ncg_blanketed,1,78.2011318507266,8.37796532063537,-9.371062872458447,-46.12978460773808,3.078219478686848,-0.0075964488957072085,0.027440649258041294,1.9990277189864236
ncg_dalton_ua_matched,1,72.16000538282196,7.494499255345453,-9.003178076831064,-44.6709576125095,2.8758465642347573,-0.013084678694712526,-0.1328226039175861,2.8399217134326133
ncg_blanketed_ua_matched,1,72.84202297811987,7.711798740454389,-8.767993810679133,-44.519318864766355,2.875263248820139,-0.011734780202468542,0.036022766904053316,1.799822224870387
condenser_fouling,2,88.89057462957567,14.519707394320264,-10.388591545666943,-43.56993084989576,3.1802110280645883,0.17372103512268433,0.3662581302598849,-0.1582249668214586
ncg_dalton,2,86.63834026059124,13.826671745968369,-11.13364377151377,-44.92555746658389,3.1831563324059062,0.16943751975357113,-0.12893251157701735,2.9348543335863986
ncg_blanketed,2,87.42135838712511,14.063829182519163,-10.93519435824243,-44.83800688043528,3.1873016380288512,0.17090334265428497,0.04128954524303741,1.857894107460238
ncg_dalton_ua_matched,2,80.22310693567943,12.998149235189945,-10.44248722974626,-43.039563400038695,2.9416169810562187,0.16431658706127195,-0.1199788924655264,2.696515280549844
ncg_blanketed_ua_matched,2,82.05463097633617,13.371669223579072,-10.353042127290275,-43.24005997904788,2.9853032356729474,0.16662523974709176,0.049419952275133405,1.659771081613683
condenser_fouling,3,75.19817125742156,9.540439836810364,-8.447388403795244,-43.7337020277175,3.1184994770504186,0.05137404946072266,0.3673019278297299,0.050834525257902774
ncg_dalton,3,73.19040312096195,8.895865448887317,-9.276864403400142,-45.26767923081423,3.1325101852243447,0.04723359686232653,-0.12326395536422655,3.152787918638208
ncg_blanketed,3,73.85257184467628,9.110911265754106,-9.053351871118569,-45.134107927357775,3.1318718595050625,0.04861495334794652,0.04594366880131734,2.0728148042602115
ncg_dalton_ua_matched,3,66.77554429842564,8.097915487300645,-8.567326056876057,-43.38925833845343,2.890363332385856,0.04210792936181518,-0.11444233302861495,2.9138443231048266
ncg_blanketed_ua_matched,3,68.48613746226556,8.444263482473092,-8.45533824508614,-43.53887934834154,2.9293533169772403,0.04433271130076655,0.05396908063663525,1.8741768272247221
condenser_fouling,4,81.72974561972285,13.241431969262008,-9.537637273394246,-43.8541558643739,3.2442425475865124,0.15768614876875997,0.3703753096540982,0.09943026692898016
ncg_dalton,4,78.02685425095513,12.349343195725446,-10.202651921273805,-45.01937692580673,3.197139807242435,0.15203133974995664,-0.12555752585921948,3.1936644537446908
ncg_blanketed,4,79.22501237170479,12.641473658053846,-10.031501015377327,-45.00822591880048,3.215964571822723,0.15388310834300167,0.045912883768995605,2.115528135766646
ncg_dalton_ua_matched,4,71.60890007084106,11.530703223295268,-9.504570311119839,-43.14836975004485,2.955546049934314,0.14684211101333977,-0.11629330801911675,2.9553136759815315
ncg_blanketed_ua_matched,4,73.8554003279711,11.957778914270168,-9.444018022281721,-43.42691887381612,3.0139768610159603,0.14954927597346268,0.05429745274046083,1.9174695932541348
condenser_fouling,5,93.26305513601733,13.415767703128818,-10.47447447074845,-43.87592246911214,3.181468707105701,0.1206431361594742,0.37424347133318986,-0.08904079364894812
ncg_dalton,5,89.96596200488932,12.646758042200073,-11.107752955463669,-44.92113307117127,3.1465728091560576,0.11577494296677848,-0.11445002040937963,2.9754664618526063
ncg_blanketed,5,91.10510502867805,12.91190427167222,-10.947909444143583,-44.92657256252862,3.1637222154587046,0.1174534434264829,0.05439648597461022,1.9081748361291986
ncg_dalton_ua_matched,5,83.55044848068019,11.84438407333126,-10.431534510934126,-43.04983803741503,2.9072181582404664,0.11069553799737353,-0.10575140581933176,2.7392861567314353
ncg_blanketed_ua_matched,5,85.73818040015465,12.241748815669984,-10.378999833929619,-43.347846527344636,2.963608843638229,0.11321104389015346,0.06229493673602893,1.7119030702288853
condenser_fouling,6,89.07339267312375,12.036035386504617,-9.580449212070077,-43.70579242582533,3.1379038177894967,0.09426796345750832,0.3684739002766485,0.08050776970343221
ncg_dalton,6,86.13550581551249,11.269429786514673,-10.417638977133757,-45.13037584142835,3.12949458756828,0.08939603868466062,-0.12691203880231258,3.15311609688197
ncg_blanketed,6,87.12630084836985,11.530076661896203,-10.194324674226285,-45.0617144357189,3.137239217630941,0.09105249928076597,0.04357820888435521,2.08350078113594
ncg_dalton_ua_matched,6,79.72135539355384,10.475274442677465,-9.726894187884833,-43.25650371585336,2.8895493534155894,0.08434903003617222,-0.11788529069137346,2.916324962623701
ncg_blanketed_ua_matched,6,81.76069762589259,10.866741861082238,-9.611802749932242,-43.471397685982566,2.936586686647133,0.0868368801295114,0.05177065729130076,1.8866668046470338
condenser_fouling,7,87.22251926093452,12.485361588290523,-10.178207262272759,-43.842977298254354,3.141779964687776,0.09083034013111657,0.3749757773013088,0.1471433484413074
ncg_dalton,7,85.0483019702541,11.694133730414405,-11.104521326989637,-45.64489190018144,3.159573689073007,0.0858648858856621,-0.10344641354427705,3.2482237274974404
ncg_blanketed,7,85.76466983107969,11.959820718557529,-10.850903869063622,-45.48498973697251,3.157798316505146,0.08753223944267674,0.06155805256339031,2.1687688711511335
ncg_dalton_ua_matched,7,78.63370235295201,10.880716563947562,-10.4068420940715,-43.77576039257939,2.9174786083709985,0.08076017972251259,-0.09535684398543773,3.00931880442971
ncg_blanketed_ua_matched,7,80.39849699870274,11.280365592245174,-10.26198319547758,-43.88919076637453,2.9553074749824635,0.08326822964074898,0.06896393970265596,1.970142527332485
condenser_fouling,8,86.44433429865762,13.551546745916838,-9.658920857379059,-43.81983487572197,3.158183117283157,0.12946435430906877,0.3732950297595717,0.1598949151539053
ncg_dalton,8,84.30120818900832,12.856908451352309,-10.543011186575944,-45.39928034122265,3.1746054290604677,0.1251512666874448,-0.12338333549954322,3.251610281398704
ncg_blanketed,8,85.02223415308299,13.092168949973962,-10.302789402200508,-45.27165592436948,3.173779072549807,0.12661202569310737,0.047490763998386254,2.1754460336380914
ncg_dalton_ua_matched,8,77.88718890810367,12.038738559939228,-9.844843539974985,-43.52500746373828,2.9331910745457757,0.12007115742964825,-0.11436986950904868,3.0133707128195315
ncg_blanketed_ua_matched,8,79.65670688318778,12.408655455785812,-9.713807106149119,-43.67793201356281,2.9718657770111654,0.12236801321342838,0.05568446760068779,1.9773776633265487
condenser_fouling,9,85.12182725708078,10.394523355929703,-8.934122713292862,-43.70374954316769,3.077597291088013,0.033523492323354276,0.3733274860442696,0.1367393793920615
ncg_dalton,9,83.07060624156202,9.64723586437803,-10.003846609873113,-45.653788802697875,3.111515545535705,0.028764451559278648,-0.11030561404892009,3.2249085751405504
ncg_blanketed,9,83.73586761982358,9.898318242481723,-9.707547981736136,-45.46290936581651,3.104414094447599,0.030363449650437246,0.056491306923328266,2.1504583781292697
ncg_dalton_ua_matched,9,76.65815638337915,8.858968482517648,-9.299630591036237,-43.784705923259985,2.870473187979711,0.02374443363354839,-0.10200034347402728,2.9870034497773883
ncg_blanketed_ua_matched,9,78.3719020835307,9.23984062678894,-9.112214041128654,-43.86394878474256,2.902784931767886,0.02616998749465438,0.06406692506531408,1.9526290949799585
condenser_fouling,10,84.361560311821,9.774444573761148,-9.535914056789478,-43.89981469306358,2.9922416105519205,0.01180021653679475,0.36709584053971495,-0.1382447063443657
ncg_dalton,10,85.14653375264857,9.429819356046723,-10.700031698681885,-46.400390967405166,3.1133581439806,0.009668912445738531,-0.11535964204201421,2.9570752179521023
ncg_blanketed,10,84.90716856127108,9.549710441450094,-10.366046249906006,-46.003820285393864,3.077689105248545,0.01041036822920205,0.051788749348174845,1.8811418881725996
ncg_dalton_ua_matched,10,78.73896535064455,8.633494884634088,-10.000935349573371,-44.525908931170676,2.871789312418865,0.004744114385443421,-0.10655301245303272,2.718584111459588
ncg_blanketed_ua_matched,10,79.54814694964296,8.88411073972727,-9.774773465392826,-44.389905206979705,2.8755395160303077,0.006294025911901091,0.059790566084450714,1.6827228253558955
condenser_fouling,11,83.50714155685102,10.983266695078456,-9.16099050374963,-43.49446512657762,3.082187753114827,0.05220768620275518,0.3674736464321333,-0.07883000647677219
ncg_dalton,11,81.28027433092109,10.193863975946293,-10.13724380135687,-45.42367838321244,3.1033546402332326,0.04719202604855388,-0.11530949835179519,3.012864022105373
ncg_blanketed,11,82.00319626467729,10.45687159353867,-9.867993711384722,-45.241401339813976,3.1001890634950686,0.048863108242519715,0.051017911123499404,1.9368844902902576
ncg_dalton_ua_matched,11,74.86676355091492,9.398001112568172,-9.435341891117792,-43.54033317202594,2.861932452632908,0.04213531981318486,-0.10687962136963541,2.774601994852283
ncg_blanketed_ua_matched,11,76.63812183018308,9.792090935440486,-9.27523352794373,-43.63071949709079,2.8982582198497187,0.04463926434472931,0.058701361411801656,1.7387824960699911
condenser_fouling,12,71.0100589653706,8.54902693609986,-8.144198165704857,-43.82363081572101,3.036377670383709,0.03387032121115707,0.3653274196063526,0.014512277122855632
ncg_dalton,12,71.33249146614298,8.225890195539824,-9.165973792036704,-45.82701469000179,3.1324509885686562,0.03182675769825627,-0.11797432115645048,3.124329822029064
ncg_blanketed,12,71.29609194307204,8.347163864282289,-8.879459028727744,-45.531094737516746,3.106688871028369,0.032593709930579084,0.04903127432404908,2.0427720226591815
ncg_dalton_ua_matched,12,64.92164904831122,7.428848779038108,-8.450006884240736,-43.947713798634695,2.8897484486520475,0.026786152429386867,-0.10936424438995015,2.8847773802505126
ncg_blanketed_ua_matched,12,65.9338514890577,7.680938105780599,-8.274975363049371,-43.924574840232346,2.903611669171983,0.028380401815048195,0.05687265773950412,1.8435091811329933
condenser_fouling,13,91.79288990865462,12.044609194168185,-10.422759467340066,-43.73847864367376,3.131501391585399,0.07023205877172467,0.3791141509235465,0.1120022228044033
ncg_dalton,13,89.15416957725938,11.311083856200568,-11.111492258141032,-45.101105436986686,3.119846062748718,0.06557880115330406,-0.11019232351601041,3.189534728622469
ncg_blanketed,13,90.04382439058998,11.558172350175576,-10.931257076852006,-45.01461407432368,3.128223373249845,0.06714625405165897,0.0584932040933569,2.1178828019172293
ncg_dalton_ua_matched,13,82.73936972342392,10.509622003625761,-10.43032312590268,-43.22122893075531,2.879494079047732,0.06049457532178959,-0.10160682545197136,2.9523601034867797
ncg_blanketed_ua_matched,13,84.6775219857193,10.888718374323478,-10.3579381537117,-43.42173138480262,2.927247402196095,0.06289944531571834,0.06630145890487849,1.9207548499958684
condenser_fouling,14,96.04198457712891,17.195114559835755,-10.741093638626749,-43.738418374915845,3.302451105166541,0.2410759609043338,0.3718899047307403,0.18032048056346062
ncg_dalton,14,91.26874547418367,16.223147372643776,-11.265705701895051,-44.3449352458147,3.216932006038414,0.23499551893927384,-0.1248714591099574,3.2553219779958105
ncg_blanketed,14,92.91223490293271,16.5588697481485,-11.142497414610258,-44.493692599721,3.2513869842348764,0.23709573430408293,0.046776743189686665,2.1836076132020974
ncg_dalton_ua_matched,14,84.84905661194318,15.39231932838346,-10.584444710027965,-42.47193054180099,2.976722402310849,0.22979801662372656,-0.1155735196164086,3.018360524340197
ncg_blanketed_ua_matched,14,87.54110315458047,15.865091577090375,-10.569718207391102,-42.921979583730945,3.0505957380922877,0.23275558994393197,0.05518564298056722,1.986745613809159
condenser_fouling,15,74.57846005093961,8.703134178256734,-8.187359837328879,-43.713637709798924,3.042300222650577,0.014148750486716821,0.3743473577287436,0.13036901900387643
ncg_dalton,15,73.59231154811005,8.125766506600819,-9.218325087115193,-45.745641655114476,3.1031371817888136,0.010454502475166105,-0.1151101219420303,3.233386314357076
ncg_blanketed,15,73.92951314368293,8.322007127878852,-8.93058297486608,-45.4951821205851,3.087512843521096,0.011710134822684903,0.053063830511362375,2.1538787652438796
ncg_dalton_ua_matched,15,67.18023725628336,7.337002177098009,-8.504944885813423,-43.866644094835884,2.860916349540913,0.005407647240807556,-0.10649048396247926,2.994319486128293
ncg_blanketed_ua_matched,15,68.56592785879525,7.662942762660226,-8.327991553827918,-43.88671337492709,2.884869569445784,0.007493156040847548,0.06092187678755456,1.9550563574783502
condenser_fouling,16,80.35931956214665,10.91393783957079,-9.051006310291877,-43.87265972926509,3.090067008199623,0.06104845008099247,0.3740122095690989,0.04732640554659162
ncg_dalton,16,79.6014922086747,10.411697969031438,-9.995357778403495,-45.757827725817016,3.150329267469384,0.05790853540236851,-0.11421703513972756,3.1515261517676345
ncg_blanketed,16,79.87503509425801,10.58471386846986,-9.733768137327344,-45.51385585072415,3.1351092636919256,0.0589902001489353,0.05445381897771745,2.0714513550354408
ncg_dalton_ua_matched,16,73.18917945124429,9.601552153171001,-9.289242365059703,-43.88248358148436,2.908026679562392,0.05284364731151836,-0.10566424315973877,2.9123888374128075
ncg_blanketed_ua_matched,16,74.51122429441375,9.90771367680486,-9.1379696020977,-43.913265710212336,2.93240871081414,0.05475771490845327,0.0622515119452951,1.8725849370567358
condenser_fouling,17,83.00656213373452,12.293080978702998,-9.28748820923514,-43.92537410224546,3.1488604789011565,0.10631975140555783,0.37969963165505505,0.0260431333100275
ncg_dalton,17,80.87027556426335,11.564446087845724,-10.117794694870708,-45.481638864849124,3.1625266126856904,0.10172277277414876,-0.10729043670260277,3.1110834091557784
ncg_blanketed,17,81.62304200225935,11.816445037455,-9.89420531283273,-45.35929626635962,3.1635911504034557,0.10331264144641228,0.05995092367160082,2.0372659646801616
ncg_dalton_ua_matched,17,74.45619415082672,10.760836152366416,-9.42190291182339,-43.61518737850887,2.9216639839786627,0.0966527744145611,-0.09908789976010157,2.873389247634851
ncg_blanketed_ua_matched,17,76.25752260322156,11.145161261031497,-9.307463803536411,-43.771511763756244,2.962144957681345,0.09907749265714916,0.06745095992708505,1.8396553774187834
condenser_fouling,18,82.30360453416097,10.66749261282747,-9.324524018222919,-43.93677816663229,3.0737840490334105,0.05250502852794536,0.37441075708560995,-0.049493476992020335
ncg_dalton,18,81.34046120244716,10.06979275445641,-10.348009832039187,-46.047743994907286,3.135116213048312,0.048760775770214426,-0.12017423382758391,3.045489301024733
ncg_blanketed,18,81.64422149546715,10.267802333902324,-10.060402310598445,-45.77835011172996,3.118422751166247,0.050001194190119946,0.05021825727878759,1.9688273404553018
ncg_dalton_ua_matched,18,74.92932588658516,9.26998299779928,-9.647524355198446,-44.17729431634088,2.8935439772199065,0.04375041840592786,-0.11128611989616277,2.807048260075189
ncg_blanketed_ua_matched,18,76.28153259089436,9.59953268752078,-9.468734102111464,-44.175860013750764,2.91633017815913,0.04581486148261282,0.05830529403077145,1.7705300720522388
condenser_fouling,19,84.6261032641305,11.27887837183391,-9.572426169163126,-43.66991264388827,3.064964874740777,0.07244331254413172,0.36284602976163016,-0.15678213753464787
ncg_dalton,19,83.9053988188665,10.771175950781803,-10.534764159319252,-45.645660287883395,3.127493313943823,0.06928065750685253,-0.12487407991020541,2.931672206373536
ncg_blanketed,19,84.16744403808696,10.944977684162115,-10.265779647602935,-45.391723307393,3.1113080903213857,0.07036332897890052,0.044329913100465745,1.8572820075461238
ncg_dalton_ua_matched,19,77.49457360170072,9.968794754490519,-9.839878493657702,-43.76339791979868,2.886400343956073,0.06428234584426562,-0.11583305660256316,2.6937029033705793
ncg_blanketed_ua_matched,19,78.80514323773241,10.274493731221135,-9.67924545177292,-43.78325448028919,2.909623784880129,0.0661866511391751,0.05252354611868304,1.6593827518588125
