case,seed,baseline_a,baseline_b,alarmed_evaluations,first_alarm_time,delay_hours
healthy,0,1.496988194769644,0.7767458010682049,0,,
condenser_fouling,0,1.4969881947696457,0.7767458010682036,0,,
ncg_blanketing_only,0,1.496988194769651,0.7767458010681931,0,,
ncg_dalton,0,1.4969881947696477,0.7767458010681999,67,2025-07-05 05:00:00,29.0
ncg_blanketed,0,1.4969881947696486,0.776745801068198,61,2025-07-05 11:00:00,35.0
ncg_dalton_ua_matched,0,1.4969881947696477,0.7767458010681999,66,2025-07-05 06:00:00,30.0
ncg_blanketed_ua_matched,0,1.4969881947696486,0.776745801068198,59,2025-07-05 13:00:00,37.0
healthy,1,1.2949923088106967,1.355054687277286,0,,
condenser_fouling,1,1.2949923088106967,1.355054687277285,0,,
ncg_blanketing_only,1,1.2949923088106992,1.3550546872772822,0,,
ncg_dalton,1,1.294992308810696,1.3550546872772875,64,2025-07-05 08:00:00,32.0
ncg_blanketed,1,1.2949923088106992,1.3550546872772813,41,2025-07-06 07:00:00,55.0
ncg_dalton_ua_matched,1,1.294992308810696,1.3550546872772875,60,2025-07-05 10:00:00,34.0
ncg_blanketed_ua_matched,1,1.2949923088106992,1.3550546872772813,35,2025-07-06 13:00:00,61.0
healthy,2,1.4526861085965097,1.0526896454463661,0,,
condenser_fouling,2,1.4526861085965095,1.0526896454463666,0,,
ncg_blanketing_only,2,1.4526861085965135,1.0526896454463603,0,,
ncg_dalton,2,1.4526861085965088,1.0526896454463686,65,2025-07-05 07:00:00,31.0
ncg_blanketed,2,1.452686108596513,1.0526896454463617,55,2025-07-05 17:00:00,41.0
ncg_dalton_ua_matched,2,1.4526861085965088,1.0526896454463686,64,2025-07-05 08:00:00,32.0
ncg_blanketed_ua_matched,2,1.452686108596513,1.0526896454463617,51,2025-07-05 21:00:00,45.0
healthy,3,1.4461701403125418,0.8233962432487199,0,,
condenser_fouling,3,1.4461701403125389,0.8233962432487261,0,,
ncg_blanketing_only,3,1.4461701403125415,0.823396243248721,0,,
ncg_dalton,3,1.4461701403125415,0.8233962432487203,67,2025-07-05 05:00:00,29.0
ncg_blanketed,3,1.44617014031254,0.823396243248723,59,2025-07-05 13:00:00,37.0
ncg_dalton_ua_matched,3,1.4461701403125415,0.8233962432487203,66,2025-07-05 06:00:00,30.0
ncg_blanketed_ua_matched,3,1.44617014031254,0.823396243248723,57,2025-07-05 15:00:00,39.0
healthy,4,1.2989976795970257,1.172229925141435,0,,
condenser_fouling,4,1.2989976795970353,1.1722299251414177,0,,
ncg_blanketing_only,4,1.2989976795970384,1.1722299251414126,0,,
ncg_dalton,4,1.298997679597029,1.17222992514143,65,2025-07-05 07:00:00,31.0
ncg_blanketed,4,1.298997679597038,1.1722299251414132,55,2025-07-05 17:00:00,41.0
ncg_dalton_ua_matched,4,1.298997679597029,1.17222992514143,63,2025-07-05 09:00:00,33.0
ncg_blanketed_ua_matched,4,1.298997679597038,1.1722299251414132,52,2025-07-05 20:00:00,44.0
healthy,5,0.9663085215915369,1.7255545074415013,0,,
condenser_fouling,5,0.9663085215915308,1.725554507441513,0,,
ncg_blanketing_only,5,0.966308521591536,1.7255545074415055,0,,
ncg_dalton,5,0.9663085215915381,1.7255545074414995,65,2025-07-05 07:00:00,31.0
ncg_blanketed,5,0.9663085215915326,1.7255545074415122,58,2025-07-05 14:00:00,38.0
ncg_dalton_ua_matched,5,0.9663085215915381,1.7255545074414995,64,2025-07-05 08:00:00,32.0
ncg_blanketed_ua_matched,5,0.9663085215915326,1.7255545074415122,56,2025-07-05 16:00:00,40.0
healthy,6,0.8871515984430182,1.717871889647002,0,,
condenser_fouling,6,0.8871515984430121,1.7178718896470155,0,,
ncg_blanketing_only,6,0.8871515984430147,1.7178718896470118,0,,
ncg_dalton,6,0.8871515984430186,1.717871889647002,66,2025-07-05 06:00:00,30.0
ncg_blanketed,6,0.887151598443013,1.7178718896470146,53,2025-07-05 19:00:00,43.0
ncg_dalton_ua_matched,6,0.8871515984430186,1.717871889647002,64,2025-07-05 08:00:00,32.0
ncg_blanketed_ua_matched,6,0.887151598443013,1.7178718896470146,51,2025-07-05 21:00:00,45.0
healthy,7,1.3372580289098421,0.8541049679661469,0,,
condenser_fouling,7,1.3372580289098404,0.8541049679661517,0,,
ncg_blanketing_only,7,1.3372580289098455,0.8541049679661442,0,,
ncg_dalton,7,1.3372580289098441,0.8541049679661447,71,2025-07-05 01:00:00,25.0
ncg_blanketed,7,1.3372580289098428,0.8541049679661487,66,2025-07-05 06:00:00,30.0
ncg_dalton_ua_matched,7,1.3372580289098441,0.8541049679661447,71,2025-07-05 01:00:00,25.0
ncg_blanketed_ua_matched,7,1.3372580289098428,0.8541049679661487,65,2025-07-05 07:00:00,31.0
healthy,8,1.4981630511355255,0.6281146884678102,0,,
condenser_fouling,8,1.4981630511355215,0.6281146884678195,0,,
ncg_blanketing_only,8,1.4981630511355253,0.6281146884678124,0,,
ncg_dalton,8,1.498163051135527,0.6281146884678082,67,2025-07-05 05:00:00,29.0
ncg_blanketed,8,1.4981630511355228,0.6281146884678172,53,2025-07-05 19:00:00,43.0
ncg_dalton_ua_matched,8,1.498163051135527,0.6281146884678082,66,2025-07-05 06:00:00,30.0
ncg_blanketed_ua_matched,8,1.4981630511355228,0.6281146884678172,51,2025-07-05 21:00:00,45.0
healthy,9,0.9443185953680171,1.4971235121167545,0,,
condenser_fouling,9,0.9443185953680198,1.4971235121167479,0,,
ncg_blanketing_only,9,0.9443185953680218,1.4971235121167459,0,,
ncg_dalton,9,0.9443185953680158,1.4971235121167565,72,2025-07-05 00:00:00,24.0
ncg_blanketed,9,0.9443185953680184,1.4971235121167528,69,2025-07-05 03:00:00,27.0
ncg_dalton_ua_matched,9,0.9443185953680158,1.4971235121167565,72,2025-07-05 00:00:00,24.0
ncg_blanketed_ua_matched,9,0.9443185953680184,1.4971235121167528,67,2025-07-05 05:00:00,29.0
healthy,10,1.5590672709269642,0.7061516697657348,0,,
condenser_fouling,10,1.5590672709269724,0.7061516697657174,0,,
ncg_blanketing_only,10,1.559067270926973,0.7061516697657166,0,,
ncg_dalton,10,1.5590672709269642,0.7061516697657342,70,2025-07-05 02:00:00,26.0
ncg_blanketed,10,1.559067270926973,0.7061516697657166,58,2025-07-05 14:00:00,38.0
ncg_dalton_ua_matched,10,1.5590672709269642,0.7061516697657342,68,2025-07-05 04:00:00,28.0
ncg_blanketed_ua_matched,10,1.559067270926973,0.7061516697657166,53,2025-07-05 19:00:00,43.0
healthy,11,1.1666232779179786,1.13201984483095,0,,
condenser_fouling,11,1.1666232779179728,1.1320198448309613,0,,
ncg_blanketing_only,11,1.1666232779179782,1.1320198448309529,0,,
ncg_dalton,11,1.1666232779179793,1.1320198448309498,67,2025-07-05 05:00:00,29.0
ncg_blanketed,11,1.1666232779179775,1.1320198448309542,63,2025-07-05 09:00:00,33.0
ncg_dalton_ua_matched,11,1.1666232779179793,1.1320198448309498,66,2025-07-05 06:00:00,30.0
ncg_blanketed_ua_matched,11,1.1666232779179775,1.1320198448309542,60,2025-07-05 12:00:00,36.0
healthy,12,1.3651303833270163,0.94140342768109,0,,
condenser_fouling,12,1.3651303833270125,0.941403427681098,0,,
ncg_blanketing_only,12,1.365130383327016,0.9414034276810903,0,,
ncg_dalton,12,1.3651303833270163,0.9414034276810912,67,2025-07-05 05:00:00,29.0
ncg_blanketed,12,1.365130383327016,0.9414034276810914,55,2025-07-05 17:00:00,41.0
ncg_dalton_ua_matched,12,1.3651303833270163,0.9414034276810912,66,2025-07-05 06:00:00,30.0
ncg_blanketed_ua_matched,12,1.365130383327016,0.9414034276810914,52,2025-07-05 20:00:00,44.0
healthy,13,1.1583971972162868,1.30294926830992,0,,
condenser_fouling,13,1.1583971972162885,1.302949268309916,0,,
ncg_blanketing_only,13,1.1583971972162925,1.3029492683099089,0,,
ncg_dalton,13,1.1583971972162879,1.3029492683099175,65,2025-07-05 07:00:00,31.0
ncg_blanketed,13,1.1583971972162925,1.30294926830991,59,2025-07-05 13:00:00,37.0
ncg_dalton_ua_matched,13,1.1583971972162879,1.3029492683099175,65,2025-07-05 07:00:00,31.0
ncg_blanketed_ua_matched,13,1.1583971972162925,1.30294926830991,56,2025-07-05 16:00:00,40.0
healthy,14,1.5844330159912103,0.6553235162451596,0,,
condenser_fouling,14,1.5844330159912083,0.6553235162451658,0,,
ncg_blanketing_only,14,1.584433015991213,0.6553235162451566,0,,
ncg_dalton,14,1.5844330159912108,0.6553235162451602,67,2025-07-05 05:00:00,29.0
ncg_blanketed,14,1.5844330159912101,0.6553235162451625,56,2025-07-05 16:00:00,40.0
ncg_dalton_ua_matched,14,1.5844330159912108,0.6553235162451602,66,2025-07-05 06:00:00,30.0
ncg_blanketed_ua_matched,14,1.5844330159912101,0.6553235162451625,55,2025-07-05 17:00:00,41.0
healthy,15,1.0476669518609592,1.3890137670613982,0,,
condenser_fouling,15,1.0476669518609554,1.3890137670614062,0,,
ncg_blanketing_only,15,1.0476669518609592,1.3890137670614007,0,,
ncg_dalton,15,1.0476669518609594,1.3890137670613991,70,2025-07-05 02:00:00,26.0
ncg_blanketed,15,1.0476669518609572,1.389013767061404,65,2025-07-05 07:00:00,31.0
ncg_dalton_ua_matched,15,1.0476669518609594,1.3890137670613991,69,2025-07-05 03:00:00,27.0
ncg_blanketed_ua_matched,15,1.0476669518609572,1.389013767061404,64,2025-07-05 08:00:00,32.0
healthy,16,1.334881129549482,1.0272689035656397,0,,
condenser_fouling,16,1.334881129549487,1.0272689035656306,0,,
ncg_blanketing_only,16,1.334881129549489,1.027268903565628,0,,
ncg_dalton,16,1.3348811295494833,1.0272689035656377,66,2025-07-05 06:00:00,30.0
ncg_blanketed,16,1.3348811295494918,1.0272689035656222,57,2025-07-05 15:00:00,39.0
ncg_dalton_ua_matched,16,1.3348811295494833,1.0272689035656377,65,2025-07-05 07:00:00,31.0
ncg_blanketed_ua_matched,16,1.3348811295494918,1.0272689035656222,55,2025-07-05 17:00:00,41.0
healthy,17,0.7958325724293421,1.7719702738289602,0,,
condenser_fouling,17,0.7958325724293469,1.7719702738289504,0,,
ncg_blanketing_only,17,0.7958325724293502,1.771970273828945,0,,
ncg_dalton,17,0.7958325724293398,1.771970273828964,64,2025-07-05 08:00:00,32.0
ncg_blanketed,17,0.7958325724293448,1.7719702738289547,58,2025-07-05 14:00:00,38.0
ncg_dalton_ua_matched,17,0.7958325724293398,1.771970273828964,62,2025-07-05 10:00:00,34.0
ncg_blanketed_ua_matched,17,0.7958325724293448,1.7719702738289547,55,2025-07-05 17:00:00,41.0
healthy,18,1.4716772402359812,0.61529534276893,0,,
condenser_fouling,18,1.4716772402359874,0.6152953427689203,0,,
ncg_blanketing_only,18,1.471677240235991,0.6152953427689148,0,,
ncg_dalton,18,1.471677240235981,0.6152953427689307,76,2025-07-04 20:00:00,20.0
ncg_blanketed,18,1.4716772402359868,0.6152953427689216,71,2025-07-05 01:00:00,25.0
ncg_dalton_ua_matched,18,1.471677240235981,0.6152953427689307,75,2025-07-04 21:00:00,21.0
ncg_blanketed_ua_matched,18,1.4716772402359868,0.6152953427689216,71,2025-07-05 01:00:00,25.0
healthy,19,1.915039262551491,0.37157117332266854,0,,
condenser_fouling,19,1.9150392625514894,0.37157117332267087,0,,
ncg_blanketing_only,19,1.9150392625514963,0.37157117332266104,0,,
ncg_dalton,19,1.9150392625514947,0.37157117332266365,60,2025-07-05 12:00:00,36.0
ncg_blanketed,19,1.9150392625514947,0.37157117332266365,49,2025-07-05 23:00:00,47.0
ncg_dalton_ua_matched,19,1.9150392625514947,0.37157117332266365,57,2025-07-05 15:00:00,39.0
ncg_blanketed_ua_matched,19,1.9150392625514947,0.37157117332266365,45,2025-07-06 03:00:00,51.0
healthy,20,0.7364951754019515,2.0479606344064694,0,,
condenser_fouling,20,0.73649517540195,2.047960634406472,0,,
ncg_blanketing_only,20,0.7364951754019519,2.0479606344064694,0,,
ncg_dalton,20,0.7364951754019506,2.047960634406472,68,2025-07-05 04:00:00,28.0
ncg_blanketed,20,0.73649517540195,2.047960634406472,56,2025-07-05 16:00:00,40.0
ncg_dalton_ua_matched,20,0.7364951754019506,2.047960634406472,67,2025-07-05 05:00:00,29.0
ncg_blanketed_ua_matched,20,0.73649517540195,2.047960634406472,55,2025-07-05 17:00:00,41.0
healthy,21,1.0435384438302155,1.2750048953445303,0,,
condenser_fouling,21,1.0435384438302093,1.2750048953445388,0,,
ncg_blanketing_only,21,1.043538443830218,1.2750048953445252,0,,
ncg_dalton,21,1.0435384438302164,1.2750048953445292,72,2025-07-05 00:00:00,24.0
ncg_blanketed,21,1.0435384438302142,1.2750048953445314,66,2025-07-05 06:00:00,30.0
ncg_dalton_ua_matched,21,1.0435384438302164,1.2750048953445292,71,2025-07-05 01:00:00,25.0
ncg_blanketed_ua_matched,21,1.0435384438302142,1.2750048953445314,65,2025-07-05 07:00:00,31.0
healthy,22,1.317174507636058,0.8955139068391064,0,,
condenser_fouling,22,1.3171745076360533,0.895513906839117,0,,
ncg_blanketing_only,22,1.3171745076360595,0.8955139068391058,0,,
ncg_dalton,22,1.3171745076360581,0.8955139068391049,68,2025-07-05 04:00:00,28.0
ncg_blanketed,22,1.3171745076360581,0.895513906839108,64,2025-07-05 08:00:00,32.0
ncg_dalton_ua_matched,22,1.3171745076360581,0.8955139068391049,67,2025-07-05 05:00:00,29.0
ncg_blanketed_ua_matched,22,1.3171745076360581,0.895513906839108,63,2025-07-05 09:00:00,33.0
healthy,23,1.1814322433538578,1.3179249375534576,0,,
condenser_fouling,23,1.1814322433538527,1.317924937553467,0,,
ncg_blanketing_only,23,1.1814322433538553,1.317924937553462,0,,
ncg_dalton,23,1.181432243353859,1.3179249375534545,63,2025-07-05 09:00:00,33.0
ncg_blanketed,23,1.181432243353853,1.3179249375534654,56,2025-07-05 16:00:00,40.0
ncg_dalton_ua_matched,23,1.181432243353859,1.3179249375534545,61,2025-07-05 11:00:00,35.0
ncg_blanketed_ua_matched,23,1.181432243353853,1.3179249375534654,54,2025-07-05 18:00:00,42.0
healthy,24,1.2592771509482685,1.1683929133040605,0,,
condenser_fouling,24,1.2592771509482708,1.1683929133040556,0,,
ncg_blanketing_only,24,1.259277150948275,1.1683929133040487,0,,
ncg_dalton,24,1.2592771509482688,1.168392913304061,69,2025-07-05 03:00:00,27.0
ncg_blanketed,24,1.2592771509482708,1.1683929133040567,62,2025-07-05 10:00:00,34.0
ncg_dalton_ua_matched,24,1.2592771509482688,1.168392913304061,68,2025-07-05 04:00:00,28.0
ncg_blanketed_ua_matched,24,1.2592771509482708,1.1683929133040567,54,2025-07-05 11:00:00,35.0
healthy,25,1.3307783891679699,0.9753862406059108,0,,
condenser_fouling,25,1.3307783891679654,0.9753862406059184,0,,
ncg_blanketing_only,25,1.3307783891679705,0.975386240605912,0,,
ncg_dalton,25,1.3307783891679728,0.9753862406059071,68,2025-07-05 04:00:00,28.0
ncg_blanketed,25,1.3307783891679694,0.9753862406059137,59,2025-07-05 13:00:00,37.0
ncg_dalton_ua_matched,25,1.3307783891679728,0.9753862406059071,66,2025-07-05 06:00:00,30.0
ncg_blanketed_ua_matched,25,1.3307783891679694,0.9753862406059137,58,2025-07-05 14:00:00,38.0
healthy,26,1.2309142148159986,1.0085346310677314,0,,
condenser_fouling,26,1.2309142148159968,1.0085346310677334,0,,
ncg_blanketing_only,26,1.2309142148160013,1.0085346310677266,0,,
ncg_dalton,26,1.2309142148159995,1.0085346310677292,68,2025-07-05 04:00:00,28.0
ncg_blanketed,26,1.2309142148160004,1.008534631067728,57,2025-07-05 15:00:00,39.0
ncg_dalton_ua_matched,26,1.2309142148159995,1.0085346310677292,66,2025-07-05 06:00:00,30.0
ncg_blanketed_ua_matched,26,1.2309142148160004,1.008534631067728,55,2025-07-05 17:00:00,41.0
healthy,27,0.8931835643652325,1.731800187784157,0,,
condenser_fouling,27,0.8931835643652272,1.7318001877841669,0,,
ncg_blanketing_only,27,0.8931835643652312,1.7318001877841604,0,,
ncg_dalton,27,0.8931835643652326,1.7318001877841565,66,2025-07-05 06:00:00,30.0
ncg_blanketed,27,0.8931835643652298,1.7318001877841624,57,2025-07-05 15:00:00,39.0
ncg_dalton_ua_matched,27,0.8931835643652326,1.7318001877841565,64,2025-07-05 08:00:00,32.0
ncg_blanketed_ua_matched,27,0.8931835643652298,1.7318001877841624,54,2025-07-05 18:00:00,42.0
healthy,28,1.181674139907234,1.3087921015416515,0,,
condenser_fouling,28,1.1816741399072352,1.3087921015416486,0,,
ncg_blanketing_only,28,1.181674139907237,1.3087921015416457,0,,
ncg_dalton,28,1.1816741399072344,1.3087921015416497,68,2025-07-05 04:00:00,28.0
ncg_blanketed,28,1.1816741399072335,1.3087921015416524,52,2025-07-05 20:00:00,44.0
ncg_dalton_ua_matched,28,1.1816741399072344,1.3087921015416497,66,2025-07-05 06:00:00,30.0
ncg_blanketed_ua_matched,28,1.1816741399072335,1.3087921015416524,49,2025-07-05 23:00:00,47.0
healthy,29,1.5961998937624235,0.7540900402462973,0,,
condenser_fouling,29,1.596199893762424,0.7540900402462969,0,,
ncg_blanketing_only,29,1.5961998937624262,0.7540900402462923,0,,
ncg_dalton,29,1.596199893762424,0.7540900402462964,66,2025-07-05 06:00:00,30.0
ncg_blanketed,29,1.596199893762424,0.7540900402462964,56,2025-07-05 16:00:00,40.0
ncg_dalton_ua_matched,29,1.596199893762424,0.7540900402462964,64,2025-07-05 08:00:00,32.0
ncg_blanketed_ua_matched,29,1.596199893762424,0.7540900402462964,50,2025-07-05 22:00:00,46.0
healthy,30,1.8521806457343444,0.39135872414058215,0,,
condenser_fouling,30,1.8521806457343435,0.39135872414058204,0,,
ncg_blanketing_only,30,1.8521806457343468,0.3913587241405777,0,,
ncg_dalton,30,1.8521806457343435,0.39135872414058304,65,2025-07-05 07:00:00,31.0
ncg_blanketed,30,1.8521806457343457,0.3913587241405792,59,2025-07-05 13:00:00,37.0
ncg_dalton_ua_matched,30,1.8521806457343435,0.39135872414058304,64,2025-07-05 08:00:00,32.0
ncg_blanketed_ua_matched,30,1.8521806457343457,0.3913587241405792,57,2025-07-05 15:00:00,39.0
healthy,31,1.9340874325535706,0.16724367883488336,0,,
condenser_fouling,31,1.934087432553577,0.16724367883487237,0,,
ncg_blanketing_only,31,1.9340874325535804,0.16724367883486857,0,,
ncg_dalton,31,1.9340874325535717,0.16724367883488236,66,2025-07-05 06:00:00,30.0
ncg_blanketed,31,1.9340874325535804,0.1672436788348684,61,2025-07-05 11:00:00,35.0
ncg_dalton_ua_matched,31,1.9340874325535717,0.16724367883488236,65,2025-07-05 07:00:00,31.0
ncg_blanketed_ua_matched,31,1.9340874325535804,0.1672436788348684,59,2025-07-05 13:00:00,37.0
healthy,32,1.4793496730644453,0.7475427824830586,0,,
condenser_fouling,32,1.4793496730644542,0.7475427824830407,0,,
ncg_blanketing_only,32,1.4793496730644566,0.747542782483037,0,,
ncg_dalton,32,1.479349673064446,0.7475427824830577,68,2025-07-05 04:00:00,28.0
ncg_blanketed,32,1.4793496730644549,0.7475427824830408,53,2025-07-05 19:00:00,43.0
ncg_dalton_ua_matched,32,1.479349673064446,0.7475427824830577,66,2025-07-05 06:00:00,30.0
ncg_blanketed_ua_matched,32,1.4793496730644549,0.7475427824830408,51,2025-07-05 21:00:00,45.0
healthy,33,1.2606308128289534,1.1711816949998655,0,,
condenser_fouling,33,1.2606308128289556,1.1711816949998624,0,,
ncg_blanketing_only,33,1.2606308128289578,1.1711816949998588,0,,
ncg_dalton,33,1.260630812828954,1.171181694999866,72,2025-07-05 00:00:00,24.0
ncg_blanketed,33,1.2606308128289563,1.171181694999862,66,2025-07-05 06:00:00,30.0
ncg_dalton_ua_matched,33,1.260630812828954,1.171181694999866,72,2025-07-05 00:00:00,24.0
ncg_blanketed_ua_matched,33,1.2606308128289563,1.171181694999862,63,2025-07-05 09:00:00,33.0
healthy,34,1.3945556636395091,0.8677990753834447,0,,
condenser_fouling,34,1.394555663639506,0.8677990753834505,0,,
ncg_blanketing_only,34,1.394555663639513,0.8677990753834388,0,,
ncg_dalton,34,1.3945556636395104,0.8677990753834426,71,2025-07-05 01:00:00,25.0
ncg_blanketed,34,1.3945556636395129,0.867799075383439,65,2025-07-05 07:00:00,31.0
ncg_dalton_ua_matched,34,1.3945556636395104,0.8677990753834426,70,2025-07-05 02:00:00,26.0
ncg_blanketed_ua_matched,34,1.3945556636395129,0.867799075383439,65,2025-07-05 07:00:00,31.0
healthy,35,1.6982432891144452,0.538174065462662,0,,
condenser_fouling,35,1.698243289114452,0.538174065462651,0,,
ncg_blanketing_only,35,1.6982432891144548,0.5381740654626472,0,,
ncg_dalton,35,1.698243289114445,0.5381740654626623,63,2025-07-05 09:00:00,33.0
ncg_blanketed,35,1.698243289114454,0.538174065462648,55,2025-07-05 17:00:00,41.0
ncg_dalton_ua_matched,35,1.698243289114445,0.5381740654626623,61,2025-07-05 11:00:00,35.0
ncg_blanketed_ua_matched,35,1.698243289114454,0.538174065462648,52,2025-07-05 20:00:00,44.0
healthy,36,1.6726318242102054,0.5152677736834064,0,,
condenser_fouling,36,1.6726318242102036,0.5152677736834115,0,,
ncg_blanketing_only,36,1.6726318242102063,0.5152677736834063,0,,
ncg_dalton,36,1.672631824210204,0.5152677736834088,72,2025-07-05 00:00:00,24.0
ncg_blanketed,36,1.6726318242102034,0.5152677736834119,54,2025-07-05 18:00:00,42.0
ncg_dalton_ua_matched,36,1.672631824210204,0.5152677736834088,71,2025-07-05 01:00:00,25.0
ncg_blanketed_ua_matched,36,1.6726318242102034,0.5152677736834119,49,2025-07-05 22:00:00,46.0
healthy,37,1.6304713907677462,0.43987213406449027,0,,
condenser_fouling,37,1.6304713907677426,0.43987213406449877,0,,
ncg_blanketing_only,37,1.6304713907677448,0.4398721340644952,0,,
ncg_dalton,37,1.6304713907677482,0.4398721340644868,73,2025-07-04 23:00:00,23.0
ncg_blanketed,37,1.6304713907677444,0.4398721340644961,70,2025-07-05 02:00:00,26.0
ncg_dalton_ua_matched,37,1.6304713907677482,0.4398721340644868,72,2025-07-05 00:00:00,24.0
ncg_blanketed_ua_matched,37,1.6304713907677444,0.4398721340644961,69,2025-07-05 03:00:00,27.0
healthy,38,1.3261088078721672,1.028540532713799,0,,
condenser_fouling,38,1.3261088078721741,1.0285405327137846,0,,
ncg_blanketing_only,38,1.3261088078721774,1.0285405327137789,0,,
ncg_dalton,38,1.3261088078721668,1.0285405327138002,65,2025-07-05 07:00:00,31.0
ncg_blanketed,38,1.326108807872175,1.0285405327137838,60,2025-07-05 12:00:00,36.0
ncg_dalton_ua_matched,38,1.3261088078721668,1.0285405327138002,64,2025-07-05 08:00:00,32.0
ncg_blanketed_ua_matched,38,1.326108807872175,1.0285405327137838,57,2025-07-05 15:00:00,39.0
healthy,39,1.664380522509656,0.5895141720730319,0,,
condenser_fouling,39,1.6643805225096617,0.5895141720730193,0,,
ncg_blanketing_only,39,1.6643805225096657,0.5895141720730133,0,,
ncg_dalton,39,1.6643805225096568,0.5895141720730307,70,2025-07-05 02:00:00,26.0
ncg_blanketed,39,1.664380522509664,0.589514172073017,56,2025-07-05 16:00:00,40.0
ncg_dalton_ua_matched,39,1.6643805225096568,0.5895141720730307,66,2025-07-05 06:00:00,30.0
ncg_blanketed_ua_matched,39,1.664380522509664,0.589514172073017,50,2025-07-05 22:00:00,46.0
